"Designator","Category","SourceValue","SourcePackage","SourceManufacturer","SourceMPN","LCSC","ShapeIndex","GgeId","ElectricalRole","ProductionStatus","ProductionTBD"
"R18","Zero-ohm jumper","0Ω","R0603","UNI-ROYAL(厚声)","0603WAF0000T5E","C21189","5","gge92b495043d269e3f","One of two parallel NETRAL-to-GND bonds","Source-identified; safety function unresolved","Confirm population intent, need for duplicate bond, failure analysis, rating, DNP/variant rule"
"C10","Capacitor","100nF","C0603","YAGEO(国巨)","CC0603KRX7R9BB104","C14663","14","gge543c226623a4a5fd","VCC-to-GND decoupling at regulator output rail","Source-identified; qualification TBD","Confirm voltage rating, dielectric, tolerance, DC-bias, temperature, placement"
"C9","Capacitor","100uF","C1206","SAMSUNG(三星)","CL31A107MQHNNNE","C15008","15","gge485d735334a00ccd","VCC bulk capacitance","Source-identified; qualification TBD","Confirm voltage rating, effective capacitance under DC-bias, ESR, regulator stability, temperature"
"U7","LDO regulator","AMS1117-3.3","SOT-223-3_L6.5-W3.4-P2.30-LS7.0-BR","AMS","AMS1117-3.3","C6186","23","gge250033fea3847872","+5V to intended 3.3V VCC conversion","Source-identified; production qualification TBD","Lock exact manufacturer datasheet, current budget, dropout, thermal margin, stability capacitor limits, lifecycle"
"D2","Diode","SM4007PL","SOD-123F_L2.8-W1.8-LS3.7-RD","MDD","SM4007PL","C64898","25","gge683d40182d137e2f","Relay RESET-coil flyback clamp","Source-identified; qualification TBD","Confirm current, pulse energy, reverse voltage, recovery behavior, temperature and coil release impact"
"D1","Diode","SM4007PL","SOD-123F_L2.8-W1.8-LS3.7-RD","MDD","SM4007PL","C64898","26","gge26e5128f60c9c4e6","Relay SET-coil flyback clamp","Source-identified; qualification TBD","Confirm current, pulse energy, reverse voltage, recovery behavior, temperature and coil release impact"
"U4","Latching relay","HFE20-1/5-1HST-L2","HFE20-1-5-1HST-L2","TBD","TBD","TBD","36","gged050a443be66c301","Dual-coil latching relay; NO switches NET_OUT to OUT","Critical identity and ratings TBD","Lock manufacturer/MPN/datasheet, coil rating, contact ratings by load type, approvals, endurance, footprint/pinout, alternates"
"R17","Resistor","10Ω","R0603","UNI-ROYAL(厚声)","0603WAF100JT5E","C22859","37","gge25f04303871b8d6b","Series resistor in relay RESET coil path","Source-identified; qualification TBD","Confirm tolerance, power/pulse rating, temperature rise, effect on minimum coil voltage and pulse width"
"R16","Resistor","10Ω","R0603","UNI-ROYAL(厚声)","0603WAF100JT5E","C22859","38","gge73feeb06f989dd43","Series resistor in relay SET coil path","Source-identified; qualification TBD","Confirm tolerance, power/pulse rating, temperature rise, effect on minimum coil voltage and pulse width"
"C5","Capacitor","100nF","C0603","YAGEO(国巨)","CC0603KRX7R9BB104","C14663","50","ggeb27c36d4395d86a7","BL0940 VDD decoupling","Source-identified; qualification TBD","Confirm voltage rating, dielectric, tolerance, placement and BL0940 datasheet recommendation"
"U2","Energy-metering IC","BL0940","TSSOP-14_L5.0-W4.4-P0.65-LS6.4-BL","BL(上海贝岭)","BL0940","C691894","78","gge5f4bb3560f110dfc","Voltage/current/power metering and UART/ZX/CF interface","Source-identified; authoritative pinout and qualification TBD","Attach controlled datasheet, verify NC pins and VN/GND tie, supply range, calibration, accuracy, thermal and lifecycle"
"R15","Current shunt","0.5mΩ","R2512","RALEC(旺诠)","LR2512-22R0005F4","C154666","82","gge2e6bbccd3fd6ff4d","Load-current shunt between NETRAL and NET_OUT","Source-identified; power-path qualification TBD","Confirm tolerance, TCR, power/pulse/overload rating, Kelvin routing, solder reliability, temperature rise, calibration"
"R14","Resistor","523Ω","R0603","RALEC(旺诠)","RTT035230FTP","C13003","83","gge83035a3e317eca52","BL0940 IN1 input resistor from NETRAL","Source-identified; qualification TBD","Confirm tolerance, power, voltage, noise, temperature coefficient and metering reference-design compliance"
"R13","Resistor","523Ω","R0603","RALEC(旺诠)","RTT035230FTP","C13003","84","gged49a6c10a9ba5949","BL0940 IP1 input resistor from NET_OUT","Source-identified; qualification TBD","Confirm tolerance, power, voltage, noise, temperature coefficient and metering reference-design compliance"
"C4","Capacitor","100nF","C0603","YAGEO(国巨)","CC0603KRX7R9BB104","C14663","85","ggeeefd89c15ca5c206","IN1 current-channel filter to GND","Source-identified; qualification TBD","Confirm effective capacitance, tolerance, dielectric, voltage, filter response and BL0940 recommendation"
"C1","Capacitor","100nF","C0603","YAGEO(国巨)","CC0603KRX7R9BB104","C14663","86","gge326b1a1b4398229f","IP1 current-channel filter to GND","Source-identified; qualification TBD","Confirm effective capacitance, tolerance, dielectric, voltage, filter response and BL0940 recommendation"
"R11","High-voltage divider resistor","390kΩ","R0603","大毅科技","RMS06FT3903","C209133","98","ggec2e747dec4825cce","First of five series resistors from LINE to VP","Source-identified; mains qualification TBD","Confirm working voltage, surge/pulse rating, tolerance, tempco, voltage coefficient, spacing, failure mode"
"R4","High-voltage divider resistor","390kΩ","R0603","大毅科技","RMS06FT3903","C209133","99","ggedca23237a1030556","Second of five series resistors from LINE to VP","Source-identified; mains qualification TBD","Confirm working voltage, surge/pulse rating, tolerance, tempco, voltage coefficient, spacing, failure mode"
"R3","High-voltage divider resistor","390kΩ","R0603","大毅科技","RMS06FT3903","C209133","100","gge14a5614d8bf5992d","Third of five series resistors from LINE to VP","Source-identified; mains qualification TBD","Confirm working voltage, surge/pulse rating, tolerance, tempco, voltage coefficient, spacing, failure mode"
"R2","High-voltage divider resistor","390kΩ","R0603","大毅科技","RMS06FT3903","C209133","101","ggef6ed8e30890a8eed","Fourth of five series resistors from LINE to VP","Source-identified; mains qualification TBD","Confirm working voltage, surge/pulse rating, tolerance, tempco, voltage coefficient, spacing, failure mode"
"R8","High-voltage divider resistor","390kΩ","R0603","大毅科技","RMS06FT3903","C209133","102","ggef51ec520d884c457","Fifth of five series resistors from LINE to VP","Source-identified; mains qualification TBD","Confirm working voltage, surge/pulse rating, tolerance, tempco, voltage coefficient, spacing, failure mode"
"R1","Resistor","523Ω","R0603","RALEC(旺诠)","RTT035230FTP","C13003","105","gge3f5ab79f5a48f82e","Low-side voltage-divider resistor from VP to GND","Source-identified; qualification TBD","Confirm tolerance, power, tempco, calibration error contribution and BL0940 reference-design compliance"
"C3","Capacitor","100nF","C0603","YAGEO(国巨)","CC0603KRX7R9BB104","C14663","106","gge22aa2e350a60f7fe","VP voltage-channel filter to GND","Source-identified; qualification TBD","Confirm effective capacitance, tolerance, dielectric, voltage, filter response and metering phase error"
"R10","MOV","10D471K-C8760","RES-TH_L12.5-W6.7-P7.50-D1.2","RUILON(瑞隆源)","10D471K","C8760","115","gge8e73c503382c7c71","LINE-to-NETRAL surge suppressor","Source-identified; safety coordination TBD","Confirm continuous voltage, surge rating, ageing, thermal disconnect, fuse coordination, spacing, approvals and designator cleanup"
"U3","Wi-Fi MCU module","ESP-07","WIFIM-SMD_ESP-07","Ai-Thinker","ESP-07","C82894","133","gged89eb3862a2f2b93","ESP8266-class control, communications, metering interface and relay control","Source-identified; system qualification TBD","Lock module revision, RF approvals, lifecycle, antenna keep-out, boot straps, power integrity, secure programming, firmware identity"
"C6","Capacitor","100nF","C0603","YAGEO(国巨)","CC0603KRX7R9BB104","C14663","138","ggedc1ee1854b506462","ESP-07 VCC decoupling","Source-identified; qualification TBD","Confirm placement, effective capacitance, voltage, dielectric, tolerance and Wi-Fi peak-current behavior"
"C7","Capacitor","22uF","C0603","SAMSUNG(三星)","CL10A226MQ8NRNC","C59461","139","gge0078105db7eebf97","ESP-07 VCC bulk capacitance","Source-identified; qualification TBD","Confirm effective capacitance under DC-bias, ESR, voltage, tolerance, temperature and Wi-Fi transient margin"
"R5","Resistor","10kΩ","R0603","UniOhm","0603WAF1002T5E","C25804","143","ggedb9dd80bd2ee928b","ESP reset pull-up","Source-identified; qualification TBD","Confirm tolerance, boot/reset timing, leakage margin and approved alternate"
"R6","Resistor","10kΩ","R0603","UniOhm","0603WAF1002T5E","C25804","144","gge679c33ae8217ddd8","ESP CH_PD/enable pull-up","Source-identified; qualification TBD","Confirm tolerance, ramp/leakage margin, boot reliability and approved alternate"
"R7","Resistor","10kΩ","R0603","UniOhm","0603WAF1002T5E","C25804","169","gge38c0f3d50b25e0d2","ESP GPIO0 boot pull-up","Source-identified; qualification TBD","Confirm boot margin with switch/fixture leakage, tolerance and approved alternate"
"R9","Resistor","10kΩ","R0603","UniOhm","0603WAF1002T5E","C25804","171","gge5ad4573740afb161","ESP GPIO15/TXD_EM pulldown","Source-identified; qualification TBD","Confirm BL0940 loading during reset, boot-low margin, tolerance and approved alternate"
"LED1","LED","19-217/BHC-ZL1M2RY/3T","LED0603-R-RD_BLUE","EVERLIGHT(亿光)","19-217/BHC-ZL1M2RY/3T","C72041","173","gge3ef02e91a6f77fd8","Active-low status LED on ESP GPIO2","Source-identified; boot interaction TBD","Confirm optical target, current, GPIO2 strap margin, Vf corners, temperature and enclosure light-pipe"
"R12","Resistor","2kΩ","R0603","UNI-ROYAL(厚声)","0603WAF2001T5E","C22975","174","ggef13b659f8769a239","LED current limiter and only visible VCC path to GPIO2","Source-identified; boot interaction TBD","Confirm LED current, GPIO2 boot-high margin, tolerance, power and approved alternate"
"C2","Capacitor","100nF","C0603","YAGEO(国巨)","CC0603KRX7R9BB104","C14663","179","gge442aaaf0f5301422","ESP reset timing/filter capacitor","Source-identified; timing qualification TBD","Confirm reset pulse/ramp behavior, tolerance, leakage, placement and firmware/programmer interaction"
"SW1","Tactile switch","CONFIG_PIN","SW-TH_TSC017A04826A","BZCN(博众电气)","TSC017A03526A","C2888523","190","gge50a83890075c7366","Pulls GPIO0 to GND for configuration/boot","Source package/MPN mismatch unresolved","Resolve 04826A package versus 03526A MPN, actuator height, footprint, insulation, life, force, user accessibility"
"U6","Programming connector","ZX-MX1.25-6PWZ","CONN-TH_6P-P1.25_ZX-MX1.25-6PWZ-1","Megastar(兆星)","ZX-MX1.25-6PWZ","C7430467","195","gge2d981b69fa319a63","VCC/GND/RXD/TXD/RST/IO0 programming interface","Source-identified; live-service safety unresolved","Confirm mating part, keying, ratings, fixture lifecycle, no-mains interlock, galvanic isolation and labeling"
"P1","Mains input connector","PWRIN","CONN-TH_3P-P5.08","TBD","TBD","TBD","197","gge840c4aa5d37e8af6","Input EARTH/NETRAL/LINE connector","Critical identity and ratings TBD","Select approved manufacturer/MPN; voltage/current, pitch, touch safety, retention, flammability, temperature rise, PE suitability"
"J1","Power terminal/header","HDR-M-2.54_1x1","HDR-M-2.54_1X1","TBD","TBD","C81276","199","gge3bfd7b417f842ff0","External LINE connection","Final function and ratings TBD","Determine whether placeholder/test point/final terminal; select mains-rated part, current/voltage, retention, touch and flammability"
"J2","Power terminal/header","HDR-M-2.54_1x1","HDR-M-2.54_1X1","TBD","TBD","C81276","200","gge61c6e7ad242c862d","External switched OUT connection","Final function and ratings TBD","Determine whether placeholder/test point/final terminal; select load-rated part, current/voltage, retention, touch and temperature rise"
"J3","Protective-earth terminal/header","HDR-M-2.54_1x1","HDR-M-2.54_1X1","TBD","TBD","C81276","201","ggecda741808ba42023","External EARTH connection","Protective-earth implementation TBD","Select PE-qualified termination and prove fault current, ground-bond resistance, retention, corrosion and marking"
"U1","AC/DC power module","acDcPsTegak","ACDCPSTEGAK","TBD","TBD","TBD","211","gge4a88821ff39e94f8","LINE/NETRAL input to +5V/GND supply","Critical identity, pinout and safety ratings TBD","Lock manufacturer/MPN/datasheet, input/output ranges, isolation, internal protection, approvals, footprint, pin naming, thermal and lifecycle"
"R19","Zero-ohm jumper","0Ω","R0603","UNI-ROYAL(厚声)","0603WAF0000T5E","C21189","217","ggef304aa39fd605b54","Second of two parallel NETRAL-to-GND bonds","Source-identified; safety function unresolved","Confirm population intent, need for duplicate bond, failure analysis, rating, DNP/variant rule"
"Q3","N-channel MOSFET","AO3400A","SOT-23-3_L2.9-W1.3-P1.90-LS2.4-BR","AOS","AO3400A","C20917","219","ggee158925dd149c759","Low-side driver for relay SET coil","Source-identified; qualification TBD","Confirm 3.3V gate drive, coil current, SOA, pulse heating, VDS margin, failure state and alternate"
"Q4","N-channel MOSFET","AO3400A","SOT-23-3_L2.9-W1.3-P1.90-LS2.4-BR","AOS","AO3400A","C20917","220","ggebcc9685cc9cb32fb","Low-side driver for relay RESET coil","Source-identified; qualification TBD","Confirm 3.3V gate drive, coil current, SOA, pulse heating, VDS margin, failure state and alternate"
"R20","Resistor","100kΩ","R0603","UNI-ROYAL(厚声)","0603WAF1003T5E","C25803","221","gge9cafadc265d78cfc","Q3 SET-driver gate pulldown","Source-identified; qualification TBD","Confirm turn-off timing, leakage/noise margin, tolerance and approved alternate"
"R21","Resistor","100kΩ","R0603","UNI-ROYAL(厚声)","0603WAF1003T5E","C25803","222","gge20921efb8a0e31ce","Q4 RESET-driver gate pulldown","Source-identified; qualification TBD","Confirm turn-off timing, leakage/noise margin, tolerance and approved alternate"
"R22","Resistor","100Ω","R0603","UNI-ROYAL(厚声)","0603WAF1000T5E","C22775","223","gge410d3cb3fa3eab15","ESP GPIO5 to Q3 SET gate series resistor","Source-identified; qualification TBD","Confirm edge rate, GPIO current, EMI behavior, tolerance and approved alternate"
"R23","Resistor","100Ω","R0603","UNI-ROYAL(厚声)","0603WAF1000T5E","C22775","224","ggecd4dfa6317616caf","ESP GPIO4 to Q4 RESET gate series resistor","Source-identified; qualification TBD","Confirm edge rate, GPIO current, EMI behavior, tolerance and approved alternate"
"C8","Capacitor","100uF","C1206","SAMSUNG(三星)","CL31A107MQHNNNE","C15008","228","ggea2fa95788a13d887","+5V bulk capacitance near relay supply domain","Source-identified; qualification TBD","Confirm voltage rating, effective capacitance under DC-bias, ESR, coil transient support, temperature and placement"
"C11","Capacitor","100nF","C0603","YAGEO(国巨)","CC0603KRX7R9BB104","C14663","229","gge39afc360edbb6366","+5V high-frequency decoupling","Source-identified; qualification TBD","Confirm voltage, dielectric, tolerance, placement and relay transient behavior"
